{
  "timestamp": "2025-09-20T17:55:03.817112",
  "memory_type": "system_state",
  "importance": 4,
  "agent_id": "enhanced_monitoring_system",
  "content": {
    "timestamp": 1758372903.6029694,
    "cpu_percent": 4.1,
    "cpu_per_core": [
      0.0,
      0.0,
      0.0,
      0.0,
      0.0,
      0.0,
      14.3,
      0.0
    ],
    "cpu_count_logical": 8,
    "cpu_count_physical": 4,
    "cpu_freq_current": 1696.0,
    "cpu_freq_min": 0.0,
    "cpu_freq_max": 1896.0,
    "load_average": [
      0.0,
      0.0,
      0.0
    ],
    "memory_percent": 81.9,
    "memory_total_gb": 15.912986755371094,
    "memory_available_gb": 2.8733482360839844,
    "memory_used_gb": 13.03963851928711,
    "memory_free_gb": 2.8733482360839844,
    "memory_cached_gb": 0.0,
    "memory_buffers_gb": 0.0,
    "swap_percent": 3.3,
    "swap_total_gb": 3.8136863708496094,
    "swap_used_gb": 0.12621307373046875,
    "swap_free_gb": 3.6874732971191406,
    "disk_usage": {
      "/": 89.74127434362718,
      "/tmp": -1
    },
    "network_io": {
      "bytes_sent": 11646621,
      "bytes_recv": 76711159,
      "packets_sent": 50852,
      "packets_recv": 74733
    },
    "process_count": 277
  },
  "context": {
    "category": "resource",
    "severity": "INFO"
  },
  "tags": [
    "monitoring",
    "resource",
    "info"
  ],
  "parent_memory_id": null,
  "memory_id": "66a16e9ed6e800a4"
}