{
  "timestamp": "2025-09-20T17:54:34.075704",
  "memory_type": "system_state",
  "importance": 4,
  "agent_id": "enhanced_monitoring_system",
  "content": {
    "timestamp": 1758372873.608518,
    "cpu_percent": 17.9,
    "cpu_per_core": [
      42.9,
      0.0,
      33.3,
      0.0,
      33.3,
      0.0,
      0.0,
      16.7
    ],
    "cpu_count_logical": 8,
    "cpu_count_physical": 4,
    "cpu_freq_current": 1696.0,
    "cpu_freq_min": 0.0,
    "cpu_freq_max": 1896.0,
    "load_average": [
      0.0,
      0.0,
      0.0
    ],
    "memory_percent": 81.8,
    "memory_total_gb": 15.912986755371094,
    "memory_available_gb": 2.8882675170898438,
    "memory_used_gb": 13.02471923828125,
    "memory_free_gb": 2.8882675170898438,
    "memory_cached_gb": 0.0,
    "memory_buffers_gb": 0.0,
    "swap_percent": 3.3,
    "swap_total_gb": 3.8136863708496094,
    "swap_used_gb": 0.12621307373046875,
    "swap_free_gb": 3.6874732971191406,
    "disk_usage": {
      "/": 89.74125799469564,
      "/tmp": -1
    },
    "network_io": {
      "bytes_sent": 11604172,
      "bytes_recv": 76671655,
      "packets_sent": 50700,
      "packets_recv": 74570
    },
    "process_count": 278
  },
  "context": {
    "category": "resource",
    "severity": "INFO"
  },
  "tags": [
    "monitoring",
    "resource",
    "info"
  ],
  "parent_memory_id": null,
  "memory_id": "4dab0164f78e55fe"
}