{
  "timestamp": "2025-09-20T17:16:51.203025",
  "memory_type": "system_state",
  "importance": 4,
  "agent_id": "enhanced_monitoring_system",
  "content": {
    "timestamp": 1758370610.9725218,
    "cpu_percent": 26.0,
    "cpu_per_core": [
      25.0,
      0.0,
      0.0,
      0.0,
      0.0,
      0.0,
      0.0,
      0.0
    ],
    "cpu_count_logical": 8,
    "cpu_count_physical": 4,
    "cpu_freq_current": 1696.0,
    "cpu_freq_min": 0.0,
    "cpu_freq_max": 1896.0,
    "load_average": [
      0.0,
      0.0,
      0.0
    ],
    "memory_percent": 84.0,
    "memory_total_gb": 15.912986755371094,
    "memory_available_gb": 2.5412559509277344,
    "memory_used_gb": 13.37173080444336,
    "memory_free_gb": 2.5412559509277344,
    "memory_cached_gb": 0.0,
    "memory_buffers_gb": 0.0,
    "swap_percent": 3.5,
    "swap_total_gb": 3.8136863708496094,
    "swap_used_gb": 0.13370513916015625,
    "swap_free_gb": 3.679981231689453,
    "disk_usage": {
      "/": 89.73700182285137,
      "/tmp": -1
    },
    "network_io": {
      "bytes_sent": 3037559,
      "bytes_recv": 8416931,
      "packets_sent": 10058,
      "packets_recv": 11844
    },
    "process_count": 307
  },
  "context": {
    "category": "resource",
    "severity": "INFO"
  },
  "tags": [
    "monitoring",
    "resource",
    "info"
  ],
  "parent_memory_id": null,
  "memory_id": "2845e4b42fad4825"
}